{"cameraMode":{"drawMode":0,"name":"Shaded","section":"Shading Mode"},"sceneLighting":false,"audioPlay":false,"sceneViewState":{"showFog":false,"showMaterialUpdate":false,"showSkybox":false,"showFlares":true,"showImageEffects":true,"showParticleSystems":true},"in2DMode":false,"pivot":{"x":-4.76837158203125e-7,"y":1.352247714996338,"z":0.13694044947624207},"rotation":{"x":0.10812155157327652,"y":-0.343782514333725,"z":0.03988438844680786,"w":0.9319509267807007},"size":4.606106281280518,"orthographic":false}