{"cameraMode":{"drawMode":0,"name":"Shaded","section":"Shading Mode"},"sceneLighting":false,"audioPlay":false,"sceneViewState":{"showFog":false,"showMaterialUpdate":false,"showSkybox":false,"showFlares":true,"showImageEffects":true,"showParticleSystems":true},"in2DMode":false,"pivot":{"x":-0.04999947547912598,"y":0.8324229717254639,"z":10.503060340881348},"rotation":{"x":0.08111900836229325,"y":-0.17547839879989625,"z":0.01450990978628397,"w":0.9810282588005066},"size":4.606106281280518,"orthographic":false}