{"cameraMode":{"drawMode":0,"name":"Shaded","section":"Shading Mode"},"sceneLighting":false,"audioPlay":false,"sceneViewState":{"showFog":false,"showMaterialUpdate":false,"showSkybox":false,"showFlares":true,"showImageEffects":true,"showParticleSystems":true},"in2DMode":false,"pivot":{"x":-0.9131333827972412,"y":0.8228646516799927,"z":5.092805862426758},"rotation":{"x":-0.3564024567604065,"y":0.2877441942691803,"z":-0.11636900901794434,"w":-0.8812711834907532},"size":8.316862106323243,"orthographic":false}