{"cameraMode":{"drawMode":0,"name":"Shaded","section":"Shading Mode"},"sceneLighting":false,"audioPlay":false,"sceneViewState":{"showFog":false,"showMaterialUpdate":false,"showSkybox":false,"showFlares":true,"showImageEffects":true,"showParticleSystems":true},"in2DMode":false,"pivot":{"x":12.595443725585938,"y":2.0320215225219728,"z":16.444503784179689},"rotation":{"x":0.5172412991523743,"y":-0.06533768773078919,"z":0.039646342396736148,"w":0.8524205088615418},"size":42.504268646240237,"orthographic":false}