{"cameraMode":{"drawMode":0,"name":"Shaded","section":"Shading Mode"},"sceneLighting":true,"audioPlay":false,"sceneViewState":{"showFog":false,"showMaterialUpdate":false,"showSkybox":false,"showFlares":true,"showImageEffects":true,"showParticleSystems":true},"in2DMode":false,"pivot":{"x":97.9468002319336,"y":143.40333557128907,"z":-68.92583465576172},"rotation":{"x":-0.3514755666255951,"y":0.40995270013809206,"z":-0.17501817643642426,"w":-0.8232693672180176},"size":12.110834121704102,"orthographic":false}