{"cameraMode":{"drawMode":0,"name":"Shaded","section":"Shading Mode"},"sceneLighting":false,"audioPlay":false,"sceneViewState":{"showFog":false,"showMaterialUpdate":false,"showSkybox":false,"showFlares":true,"showImageEffects":true,"showParticleSystems":true},"in2DMode":false,"pivot":{"x":10.932300567626954,"y":0.8909655809402466,"z":22.492618560791017},"rotation":{"x":0.06394438445568085,"y":0.12540555000305177,"z":0.008099905215203762,"w":-0.9900096654891968},"size":1.840951919555664,"orthographic":false}