{"cameraMode":{"drawMode":0,"name":"Shaded","section":"Shading Mode"},"sceneLighting":true,"audioPlay":false,"sceneViewState":{"showFog":false,"showMaterialUpdate":false,"showSkybox":false,"showFlares":true,"showImageEffects":true,"showParticleSystems":true},"in2DMode":false,"pivot":{"x":-3.4656503200531008,"y":-0.38992953300476076,"z":4.501345634460449},"rotation":{"x":0.20555393397808076,"y":-0.36477312445640566,"z":0.08291293680667877,"w":0.9043304920196533},"size":12.43556022644043,"orthographic":false}