{"cameraMode":{"drawMode":0,"name":"Shaded","section":"Shading Mode"},"sceneLighting":true,"audioPlay":false,"sceneViewState":{"showFog":false,"showMaterialUpdate":false,"showSkybox":false,"showFlares":true,"showImageEffects":true,"showParticleSystems":true},"in2DMode":false,"pivot":{"x":-30.557174682617189,"y":7.0322265625,"z":-65.18394470214844},"rotation":{"x":0.1376999467611313,"y":-0.7249065041542053,"z":0.1517806202173233,"w":0.6576563715934753},"size":129.80282592773438,"orthographic":false}