{"cameraMode":{"drawMode":0,"name":"Shaded","section":"Shading Mode"},"sceneLighting":true,"audioPlay":false,"sceneViewState":{"showFog":false,"showMaterialUpdate":false,"showSkybox":false,"showFlares":true,"showImageEffects":true,"showParticleSystems":true},"in2DMode":false,"pivot":{"x":-2.866386890411377,"y":1.6304349899291993,"z":4.630813121795654},"rotation":{"x":0.14056117832660676,"y":-0.46970710158348086,"z":0.07604207098484039,"w":0.8682370185852051},"size":23.17167091369629,"orthographic":false}