{"cameraMode":{"drawMode":0,"name":"Shaded","section":"Shading Mode"},"sceneLighting":false,"audioPlay":false,"sceneViewState":{"showFog":false,"showMaterialUpdate":false,"showSkybox":false,"showFlares":true,"showImageEffects":true,"showParticleSystems":true},"in2DMode":false,"pivot":{"x":8.470000267028809,"y":0.8400000333786011,"z":21.56999969482422},"rotation":{"x":0.16244345903396607,"y":-0.2830536365509033,"z":0.04870840907096863,"w":0.9439916610717773},"size":2.8578836917877199,"orthographic":false}