{"cameraMode":{"drawMode":0,"name":"Shaded","section":"Shading Mode"},"sceneLighting":true,"audioPlay":false,"sceneViewState":{"showFog":false,"showMaterialUpdate":false,"showSkybox":false,"showFlares":true,"showImageEffects":true,"showParticleSystems":true},"in2DMode":false,"pivot":{"x":7.826066017150879,"y":7.236023902893066,"z":19.27280044555664},"rotation":{"x":-0.04796304181218147,"y":-0.03114548698067665,"z":0.001496907090768218,"w":-0.9983623027801514},"size":13.295317649841309,"orthographic":false}