{"cameraMode":{"drawMode":0,"name":"Shaded","section":"Shading Mode"},"sceneLighting":true,"audioPlay":false,"sceneViewState":{"showFog":false,"showMaterialUpdate":false,"showSkybox":false,"showFlares":true,"showImageEffects":true,"showParticleSystems":true},"in2DMode":false,"pivot":{"x":-9.156209945678711,"y":3.916536331176758,"z":-47.265953063964847},"rotation":{"x":-0.3788028359413147,"y":0.1988898664712906,"z":-0.08371365070343018,"w":-0.8999685049057007},"size":13.25744342803955,"orthographic":false}