{"cameraMode":{"drawMode":0,"name":"Shaded","section":"Shading Mode"},"sceneLighting":true,"audioPlay":false,"sceneViewState":{"showFog":false,"showMaterialUpdate":false,"showSkybox":false,"showFlares":true,"showImageEffects":true,"showParticleSystems":true},"in2DMode":false,"pivot":{"x":0.28837329149246218,"y":-0.5320050716400147,"z":-0.43722057342529299},"rotation":{"x":0.3635174632072449,"y":-0.11969125270843506,"z":0.04715770110487938,"w":0.922662079334259},"size":5.128491401672363,"orthographic":false}