{"cameraMode":{"drawMode":0,"name":"Shaded","section":"Shading Mode"},"sceneLighting":true,"audioPlay":false,"sceneViewState":{"showFog":false,"showMaterialUpdate":false,"showSkybox":false,"showFlares":true,"showImageEffects":true,"showParticleSystems":true},"in2DMode":false,"pivot":{"x":-0.14896392822265626,"y":3.3357467651367189,"z":-22.661605834960939},"rotation":{"x":-0.07599855959415436,"y":-0.9216006398200989,"z":0.23228111863136292,"w":-0.3015328347682953},"size":136.47215270996095,"orthographic":false}