{"cameraMode":{"drawMode":0,"name":"Shaded","section":"Shading Mode"},"sceneLighting":true,"audioPlay":false,"sceneViewState":{"showFog":false,"showMaterialUpdate":false,"showSkybox":false,"showFlares":true,"showImageEffects":true,"showParticleSystems":true},"in2DMode":false,"pivot":{"x":-12.821552276611329,"y":1.6139976978302003,"z":-33.779319763183597},"rotation":{"x":0.48161736130714419,"y":-0.121495820581913,"z":0.06762484461069107,"w":0.8652805685997009},"size":13.136539459228516,"orthographic":false}