{"cameraMode":{"drawMode":0,"name":"Shaded","section":"Shading Mode"},"sceneLighting":true,"audioPlay":false,"sceneViewState":{"showFog":false,"showMaterialUpdate":false,"showSkybox":false,"showFlares":true,"showImageEffects":true,"showParticleSystems":true},"in2DMode":false,"pivot":{"x":44.321800231933597,"y":-17.404464721679689,"z":-33.22154998779297},"rotation":{"x":-0.3637067675590515,"y":-0.6141982674598694,"z":0.379534512758255,"w":-0.5885842442512512},"size":73.34540557861328,"orthographic":false}