{"cameraMode":{"drawMode":0,"name":"Shaded","section":"Shading Mode"},"sceneLighting":true,"audioPlay":false,"sceneViewState":{"showFog":false,"showMaterialUpdate":false,"showSkybox":false,"showFlares":true,"showImageEffects":true,"showParticleSystems":true},"in2DMode":false,"pivot":{"x":7.738314628601074,"y":4.627478122711182,"z":13.024784088134766},"rotation":{"x":0.012756801210343838,"y":-0.9532195329666138,"z":-0.040633078664541247,"w":-0.29926377534866335},"size":6.882726192474365,"orthographic":false}