{"cameraMode":{"drawMode":0,"name":"Shaded","section":"Shading Mode"},"sceneLighting":true,"audioPlay":false,"sceneViewState":{"showFog":false,"showMaterialUpdate":false,"showSkybox":false,"showFlares":true,"showImageEffects":true,"showParticleSystems":true},"in2DMode":false,"pivot":{"x":-76.6961898803711,"y":-115.49703216552735,"z":-229.175537109375},"rotation":{"x":0.03142739087343216,"y":-0.9599481225013733,"z":0.25116631388664248,"w":0.12011417746543884},"size":338.0652770996094,"orthographic":false}