{"cameraMode":{"drawMode":0,"name":"Shaded","section":"Shading Mode"},"sceneLighting":false,"audioPlay":false,"sceneViewState":{"showFog":false,"showMaterialUpdate":false,"showSkybox":false,"showFlares":true,"showImageEffects":true,"showParticleSystems":true},"in2DMode":false,"pivot":{"x":3.572355270385742,"y":10.465475082397461,"z":7.119351387023926},"rotation":{"x":-0.03411645442247391,"y":0.952153742313385,"z":-0.11567773669958115,"w":-0.2808167040348053},"size":3.8099167346954347,"orthographic":false}