{"cameraMode":{"drawMode":0,"name":"Shaded","section":"Shading Mode"},"sceneLighting":true,"audioPlay":false,"sceneViewState":{"showFog":false,"showMaterialUpdate":false,"showSkybox":false,"showFlares":true,"showImageEffects":true,"showParticleSystems":true},"in2DMode":false,"pivot":{"x":7.368680477142334,"y":11.893424987792969,"z":29.746862411499025},"rotation":{"x":-0.3783169090747833,"y":-0.046892791986465457,"z":0.019193731248378755,"w":-0.9242883920669556},"size":3.6161093711853029,"orthographic":false}