{"cameraMode":{"drawMode":0,"name":"Shaded","section":"Shading Mode"},"sceneLighting":false,"audioPlay":false,"sceneViewState":{"showFog":false,"showMaterialUpdate":false,"showSkybox":false,"showFlares":true,"showImageEffects":true,"showParticleSystems":true},"in2DMode":false,"pivot":{"x":-0.04999995231628418,"y":0.8701752424240112,"z":3.430000066757202},"rotation":{"x":0.20555393397808076,"y":-0.36477312445640566,"z":0.08291293680667877,"w":0.9043304920196533},"size":8.316861152648926,"orthographic":false}