{"cameraMode":{"drawMode":0,"name":"Shaded","section":"Shading Mode"},"sceneLighting":false,"audioPlay":false,"sceneViewState":{"showFog":false,"showMaterialUpdate":false,"showSkybox":false,"showFlares":true,"showImageEffects":true,"showParticleSystems":true},"in2DMode":false,"pivot":{"x":11.039999961853028,"y":0.9399999976158142,"z":2.489232301712036},"rotation":{"x":-0.3564024567604065,"y":0.2877441942691803,"z":-0.11636900901794434,"w":-0.8812711834907532},"size":3.573270320892334,"orthographic":false}