{"cameraMode":{"drawMode":0,"name":"Shaded","section":"Shading Mode"},"sceneLighting":true,"audioPlay":false,"sceneViewState":{"showFog":false,"showMaterialUpdate":false,"showSkybox":false,"showFlares":true,"showImageEffects":true,"showParticleSystems":true},"in2DMode":false,"pivot":{"x":7.105219841003418,"y":9.87281608581543,"z":14.017844200134278},"rotation":{"x":0.1480839103460312,"y":-0.787396252155304,"z":0.2077787071466446,"w":0.5611724257469177},"size":64.54971313476563,"orthographic":false}