{"cameraMode":{"drawMode":0,"name":"Shaded","section":"Shading Mode"},"sceneLighting":false,"audioPlay":false,"sceneViewState":{"showFog":false,"showMaterialUpdate":false,"showSkybox":false,"showFlares":true,"showImageEffects":true,"showParticleSystems":true},"in2DMode":false,"pivot":{"x":6.3746337890625,"y":2.1127846240997316,"z":2.964675188064575},"rotation":{"x":0.06594051420688629,"y":-0.16388501226902009,"z":0.01097998209297657,"w":0.9842118620872498},"size":0.37369298934936526,"orthographic":false}