{"cameraMode":{"drawMode":0,"name":"Shaded","section":"Shading Mode"},"sceneLighting":false,"audioPlay":false,"sceneViewState":{"showFog":false,"showMaterialUpdate":false,"showSkybox":false,"showFlares":true,"showImageEffects":true,"showParticleSystems":true},"in2DMode":false,"pivot":{"x":0.1479717493057251,"y":1.8797576427459717,"z":4.420806884765625},"rotation":{"x":0.2967396080493927,"y":-0.294341504573822,"z":0.09669245779514313,"w":0.9033046364784241},"size":1.420348882675171,"orthographic":false}