{"cameraMode":{"drawMode":0,"name":"Shaded","section":"Shading Mode"},"sceneLighting":false,"audioPlay":false,"sceneViewState":{"showFog":true,"showMaterialUpdate":true,"showSkybox":true,"showFlares":true,"showImageEffects":true,"showParticleSystems":true},"in2DMode":false,"pivot":{"x":6.3746337890625,"y":2.1127846240997316,"z":2.964675188064575},"rotation":{"x":-0.15003834664821626,"y":0.7844811677932739,"z":-0.20852898061275483,"w":-0.5644408464431763},"size":0.37369298934936526,"orthographic":false}