{"cameraMode":{"drawMode":0,"name":"Shaded","section":"Shading Mode"},"sceneLighting":true,"audioPlay":false,"sceneViewState":{"showFog":false,"showMaterialUpdate":false,"showSkybox":false,"showFlares":true,"showImageEffects":true,"showParticleSystems":true},"in2DMode":false,"pivot":{"x":7.3255615234375,"y":3.4610137939453127,"z":-4.923961639404297},"rotation":{"x":-0.12433173507452011,"y":-0.8348203301429749,"z":0.21040892601013184,"w":-0.4932999312877655},"size":104.28160095214844,"orthographic":false}