{"cameraMode":{"drawMode":0,"name":"Shaded","section":"Shading Mode"},"sceneLighting":false,"audioPlay":false,"sceneViewState":{"showFog":false,"showMaterialUpdate":false,"showSkybox":false,"showFlares":true,"showImageEffects":true,"showParticleSystems":true},"in2DMode":false,"pivot":{"x":6.728712558746338,"y":5.85114049911499,"z":-1.9465126991271973},"rotation":{"x":-0.013329889625310898,"y":0.8954272866249085,"z":-0.02687089331448078,"w":-0.44419625401496889},"size":0.564386785030365,"orthographic":false}