{"cameraMode":{"drawMode":0,"name":"Shaded","section":"Shading Mode"},"sceneLighting":false,"audioPlay":false,"sceneViewState":{"showFog":false,"showMaterialUpdate":false,"showSkybox":false,"showFlares":true,"showImageEffects":true,"showParticleSystems":true},"in2DMode":false,"pivot":{"x":-1.7356324195861817,"y":0.9485292434692383,"z":-0.25304698944091799},"rotation":{"x":-0.396838515996933,"y":0.07450450956821442,"z":-0.03233817592263222,"w":-0.9142904281616211},"size":16.606447219848634,"orthographic":false}