{"cameraMode":{"drawMode":0,"name":"Shaded","section":"Shading Mode"},"sceneLighting":true,"audioPlay":false,"sceneViewState":{"showFog":false,"showMaterialUpdate":false,"showSkybox":false,"showFlares":true,"showImageEffects":true,"showParticleSystems":true},"in2DMode":false,"pivot":{"x":-13.636819839477539,"y":-33.82659912109375,"z":-56.64606857299805},"rotation":{"x":0.30169636011123659,"y":-0.6937888860702515,"z":0.41250088810920718,"w":0.5074241757392883},"size":83.93247985839844,"orthographic":false}