{"cameraMode":{"drawMode":0,"name":"Shaded","section":"Shading Mode"},"sceneLighting":false,"audioPlay":false,"sceneViewState":{"showFog":false,"showMaterialUpdate":false,"showSkybox":false,"showFlares":true,"showImageEffects":true,"showParticleSystems":true},"in2DMode":false,"pivot":{"x":-0.1728534698486328,"y":6.190361976623535,"z":0.7274112701416016},"rotation":{"x":-0.3783169090747833,"y":-0.046892791986465457,"z":0.019193731248378755,"w":-0.9242883920669556},"size":54.38977813720703,"orthographic":false}