{"cameraMode":{"drawMode":0,"name":"Shaded","section":"Shading Mode"},"sceneLighting":true,"audioPlay":false,"sceneViewState":{"showFog":false,"showMaterialUpdate":false,"showSkybox":false,"showFlares":true,"showImageEffects":true,"showParticleSystems":true},"in2DMode":false,"pivot":{"x":4.625942230224609,"y":8.053351402282715,"z":22.0191650390625},"rotation":{"x":0.005345577839761972,"y":-0.9514873027801514,"z":0.016557352617383004,"w":0.307195782661438},"size":13.034473419189454,"orthographic":false}