{"cameraMode":{"drawMode":0,"name":"Shaded","section":"Shading Mode"},"sceneLighting":true,"audioPlay":false,"sceneViewState":{"showFog":false,"showMaterialUpdate":false,"showSkybox":false,"showFlares":true,"showImageEffects":true,"showParticleSystems":true},"in2DMode":false,"pivot":{"x":-0.4295400381088257,"y":4.204252243041992,"z":-8.004003524780274},"rotation":{"x":0.28776437044143679,"y":0.011187756434082985,"z":-0.0033625487703830005,"w":0.9576299786567688},"size":29.144607543945314,"orthographic":false}