{"cameraMode":{"drawMode":0,"name":"Shaded","section":"Shading Mode"},"sceneLighting":true,"audioPlay":false,"sceneViewState":{"showFog":false,"showMaterialUpdate":false,"showSkybox":false,"showFlares":true,"showImageEffects":true,"showParticleSystems":true},"in2DMode":false,"pivot":{"x":27.829837799072267,"y":54.96315383911133,"z":-30.08416748046875},"rotation":{"x":-0.1916845291852951,"y":-0.2644844055175781,"z":0.05372678488492966,"w":-0.9436199069023132},"size":46.445709228515628,"orthographic":false}