{"cameraMode":{"drawMode":0,"name":"Shaded","section":"Shading Mode"},"sceneLighting":false,"audioPlay":false,"sceneViewState":{"showFog":false,"showMaterialUpdate":false,"showSkybox":false,"showFlares":true,"showImageEffects":true,"showParticleSystems":true},"in2DMode":false,"pivot":{"x":-0.5725517272949219,"y":8.287835121154786,"z":-2.0634098052978517},"rotation":{"x":-0.03411645442247391,"y":0.952153742313385,"z":-0.11567773669958115,"w":-0.2808167040348053},"size":10.693714141845704,"orthographic":false}