{"cameraMode":{"drawMode":0,"name":"Shaded","section":"Shading Mode"},"sceneLighting":true,"audioPlay":false,"sceneViewState":{"showFog":false,"showMaterialUpdate":false,"showSkybox":false,"showFlares":true,"showImageEffects":true,"showParticleSystems":true},"in2DMode":false,"pivot":{"x":8.709463119506836,"y":0.9700000286102295,"z":2.491853952407837},"rotation":{"x":0.24689358472824098,"y":0.18752993643283845,"z":-0.04876390099525452,"w":0.9494725465774536},"size":4.291691780090332,"orthographic":false}