{"cameraMode":{"drawMode":0,"name":"Shaded","section":"Shading Mode"},"sceneLighting":true,"audioPlay":false,"sceneViewState":{"showFog":false,"showMaterialUpdate":false,"showSkybox":false,"showFlares":true,"showImageEffects":true,"showParticleSystems":true},"in2DMode":false,"pivot":{"x":17.640615463256837,"y":37.013370513916019,"z":7.848182678222656},"rotation":{"x":0.3234613537788391,"y":-0.011655027978122235,"z":0.00398422172293067,"w":0.9461612701416016},"size":56.0958251953125,"orthographic":false}