{"cameraMode":{"drawMode":0,"name":"Shaded","section":"Shading Mode"},"sceneLighting":true,"audioPlay":false,"sceneViewState":{"showFog":false,"showMaterialUpdate":false,"showSkybox":false,"showFlares":true,"showImageEffects":true,"showParticleSystems":true},"in2DMode":false,"pivot":{"x":-0.7799999713897705,"y":2.569293975830078,"z":-9.630000114440918},"rotation":{"x":0.15448778867721559,"y":-0.5996895432472229,"z":0.11937938630580902,"w":0.7760519981384277},"size":14.289420127868653,"orthographic":false}