{"cameraMode":{"drawMode":0,"name":"Shaded","section":"Shading Mode"},"sceneLighting":true,"audioPlay":false,"sceneViewState":{"showFog":false,"showMaterialUpdate":false,"showSkybox":false,"showFlares":true,"showImageEffects":true,"showParticleSystems":true},"in2DMode":false,"pivot":{"x":34.66852951049805,"y":-8.571592330932618,"z":10.542908668518067},"rotation":{"x":0.11954187601804733,"y":0.8723378777503967,"z":-0.265556275844574,"w":0.39272183179855349},"size":67.71765899658203,"orthographic":false}