{"cameraMode":{"drawMode":0,"name":"Shaded","section":"Shading Mode"},"sceneLighting":false,"audioPlay":false,"sceneViewState":{"showFog":false,"showMaterialUpdate":false,"showSkybox":false,"showFlares":true,"showImageEffects":true,"showParticleSystems":true},"in2DMode":false,"pivot":{"x":-6.639881610870361,"y":6.39265775680542,"z":-47.36764144897461},"rotation":{"x":0.2041214555501938,"y":-0.7267279028892517,"z":0.24358491599559785,"w":0.6089888215065002},"size":6.818526268005371,"orthographic":false}